"Time","run_number","fill","last_lumi","last_era","last_delay_h","last_global","last_globaltag","last_endtime","last_re-tracking-efficiency-analysis-harvester","last_re-tracking-efficiency-analysis-worker","last_re-tracking-efficiency-analysis-worker-with-reco","last_re-tracking-efficiency-reference-harvester","last_re-tracking-efficiency-reference-worker","last_tracking-efficiency","last_tracking-efficiency-alcareco","last_tracking-efficiency-analysis-harvester","last_tracking-efficiency-analysis-worker","last_tracking-efficiency-reference-harvester","last_tracking-efficiency-reference-worker","last_re-alcareco","last_plotters","first_delay_h"
2019-01-21 16:46:14.577,366727,8675,16.7,Run2023B,6177,done,133X_dataRun3_Candidate_2023_12_22_12_12_40,2023-04-27T23:49:13Z,done,,done,done,done,,,,,,,,,6165
2019-01-21 16:46:14.577,366729,8675,29.4,Run2023B,6174,done,133X_dataRun3_Candidate_2023_12_22_12_12_40,2023-04-28T03:11:03Z,done,,done,done,done,,,,,,,,,6162
2019-01-21 16:46:14.577,366801,8685,25.7,Run2023B,6138,done,133X_dataRun3_Candidate_2023_12_22_12_12_40,2023-04-29T14:36:03Z,done,,done,done,done,,,,,,,,,6126
2019-01-21 16:46:14.577,366802,8685,1.14,Run2023B,6138,done,133X_dataRun3_Candidate_2023_12_22_12_12_40,2023-04-29T14:46:58Z,done,,done,done,done,,,,,,,,,6126
2019-01-21 16:46:14.577,366804,8685,7.61,Run2023B,6276,processing,133X_dataRun3_Candidate_2023_12_22_12_12_40,2023-04-29T15:53:47Z,new,,failed,new,new,,,,,,,,,6125
2019-01-21 16:46:14.577,366820,8686,24.3,Run2023B,6272,processing,133X_dataRun3_Candidate_2023_12_22_12_12_40,2023-04-29T20:41:31Z,new,,failed,new,new,,,,,,,,,6120
2019-01-21 16:46:14.577,366821,8686,57.3,Run2023B,6126,done,133X_dataRun3_Candidate_2023_12_22_12_12_40,2023-04-30T03:04:48Z,done,,done,done,done,,,,,,,,,6114
2019-01-21 16:46:14.577,366829,8690,13.1,Run2023B,6119,done,133X_dataRun3_Candidate_2023_12_22_12_12_40,2023-04-30T10:19:34Z,done,,done,done,done,,,,,,,,,6107
2019-01-21 16:46:14.577,366832,8690,19.8,Run2023B,6117,done,133X_dataRun3_Candidate_2023_12_22_12_12_40,2023-04-30T12:07:15Z,done,,done,done,done,,,,,,,,,6105
2019-01-21 16:46:14.577,366833,8690,35.1,Run2023B,6113,done,133X_dataRun3_Candidate_2023_12_22_12_12_40,2023-04-30T16:20:21Z,done,,done,done,done,,,,,,,,,6101
2019-01-21 16:46:14.577,366838,8691,7.29,Run2023B,6110,done,133X_dataRun3_Candidate_2023_12_22_12_12_40,2023-04-30T19:08:27Z,done,,done,done,done,,,,,,,,,6098
2019-01-21 16:46:14.577,366840,8691,13.8,Run2023B,6109,done,133X_dataRun3_Candidate_2023_12_22_12_12_40,2023-04-30T20:27:38Z,done,,done,done,done,,,,,,,,,6097
2019-01-21 16:46:14.577,366841,8691,18.2,Run2023B,6107,done,133X_dataRun3_Candidate_2023_12_22_12_12_40,2023-04-30T22:15:00Z,done,,done,done,done,,,,,,,,,6095
2019-01-21 16:46:14.577,366850,8692,10.1,Run2023B,6103,done,133X_dataRun3_Candidate_2023_12_22_12_12_40,2023-05-01T02:02:25Z,done,,done,done,done,,,,,,,,,6091
2019-01-21 16:46:14.577,366933,8701,207,Run2023B,6048,done,133X_dataRun3_Candidate_2023_12_22_12_12_40,2023-05-03T08:46:34Z,done,,done,done,done,,,,,,,,,6024
2019-01-21 16:46:14.577,367062,8723,1.34,Run2023B,6129,processing,133X_dataRun3_Candidate_2023_12_22_12_12_40,2023-05-05T11:47:58Z,done,,done,new,failed,,,,,,,,,5985
2019-01-21 16:46:14.577,367063,8723,0.656,Run2023B,5997,done,133X_dataRun3_Candidate_2023_12_22_12_12_40,2023-05-05T11:56:08Z,done,,done,done,done,,,,,,,,,5985
2019-01-21 16:46:14.577,367064,8723,34.1,Run2023B,6134,processing,133X_dataRun3_Candidate_2023_12_22_12_12_40,2023-05-05T15:07:02Z,new,,failed,new,new,,,,,,,,,5982
2019-01-21 16:46:14.577,367065,8723,18.1,Run2023B,6132,processing,133X_dataRun3_Candidate_2023_12_22_12_12_40,2023-05-05T16:54:22Z,new,,failed,new,new,,,,,,,,,5980
2019-01-21 16:46:14.577,367070,8724,54.7,Run2023B,6126,processing,133X_dataRun3_Candidate_2023_12_22_12_12_40,2023-05-05T23:22:50Z,new,,failed,new,new,,,,,,,,,5974
2019-01-21 16:46:14.577,367079,8725,125,Run2023B,5976,done,133X_dataRun3_Candidate_2023_12_22_12_12_40,2023-05-06T08:36:08Z,done,,done,done,done,,,,,,,,,5964
2019-01-21 16:46:14.577,367095,8728,113,Run2023C,6187,done,133X_dataRun3_Candidate_2023_12_22_12_12_40,2023-05-06T15:13:17Z,done,,done,done,done,,,,,,,,,5978
2019-01-21 16:46:14.577,367100,8729,68.5,Run2023C,6182,done,133X_dataRun3_Candidate_2023_12_22_12_12_40,2023-05-06T20:23:22Z,done,,done,done,done,,,,,,,,,5973
2019-01-21 16:46:14.577,367102,8729,15.6,Run2023C,6181,done,133X_dataRun3_Candidate_2023_12_22_12_12_40,2023-05-06T20:57:32Z,done,,done,done,done,,,,,,,,,5972
2019-01-21 16:46:14.577,367103,8729,13.3,Run2023C,6180,done,133X_dataRun3_Candidate_2023_12_22_12_12_40,2023-05-06T21:27:01Z,done,,done,done,done,,,,,,,,,5972
2019-01-21 16:46:14.577,367104,8729,188,Run2023C,6173,done,133X_dataRun3_Candidate_2023_12_22_12_12_40,2023-05-07T04:37:48Z,done,,done,done,done,,,,,,,,,5964
2019-01-21 16:46:14.577,367111,8730,55.2,Run2023C,6169,done,133X_dataRun3_Candidate_2023_12_22_12_12_40,2023-05-07T09:15:48Z,done,,done,done,done,,,,,,,,,5960
2019-01-21 16:46:14.577,367112,8730,251,Run2023C,6159,done,133X_dataRun3_Candidate_2023_12_22_12_12_40,2023-05-07T18:47:49Z,done,,done,done,done,,,,,,,,,5950
2019-01-21 16:46:14.577,367127,8731,96.2,Run2023C,6155,done,133X_dataRun3_Candidate_2023_12_22_12_12_40,2023-05-07T22:51:49Z,done,,done,done,done,,,,,,,,,5946
2019-01-21 16:46:14.577,367128,8731,3.47,Run2023C,6155,done,133X_dataRun3_Candidate_2023_12_22_12_12_40,2023-05-07T23:00:03Z,done,,done,done,done,,,,,,,,,5946
2019-01-21 16:46:14.577,367129,8731,1.11,Run2023C,6155,done,133X_dataRun3_Candidate_2023_12_22_12_12_40,2023-05-07T23:03:47Z,done,,done,done,done,,,,,,,,,5946
2019-01-21 16:46:14.577,367130,8731,44.6,Run2023C,6154,done,133X_dataRun3_Candidate_2023_12_22_12_12_40,2023-05-08T00:10:29Z,done,,done,done,done,,,,,,,,,5945
2019-01-21 16:46:14.577,367131,8731,38.6,Run2023C,6153,done,133X_dataRun3_Candidate_2023_12_22_12_12_40,2023-05-08T01:10:04Z,done,,done,done,done,,,,,,,,,5944
2019-01-21 16:46:14.577,367133,8731,81.4,Run2023C,6151,done,133X_dataRun3_Candidate_2023_12_22_12_12_40,2023-05-08T03:21:39Z,done,,done,done,done,,,,,,,,,5942
2019-01-21 16:46:14.577,367228,8736,60.3,Run2023C,6131,done,133X_dataRun3_Candidate_2023_12_22_12_12_40,2023-05-08T23:23:48Z,done,,done,done,done,,,,,,,,,5922
2019-01-21 16:46:14.577,367229,8736,13.5,Run2023C,6130,done,133X_dataRun3_Candidate_2023_12_22_12_12_40,2023-05-08T23:42:57Z,done,,done,done,done,,,,,,,,,5921
2019-01-21 16:46:14.577,367230,8736,0.402,Run2023C,6130,done,133X_dataRun3_Candidate_2023_12_22_12_12_40,2023-05-08T23:46:12Z,done,,done,done,done,,,,,,,,,5921
2019-01-21 16:46:14.577,367232,8736,316,Run2023C,6123,done,133X_dataRun3_Candidate_2023_12_22_12_12_40,2023-05-09T06:26:20Z,done,,done,done,done,,,,,,,,,5915
2019-01-21 16:46:14.577,367234,8736,143,Run2023C,6120,done,133X_dataRun3_Candidate_2023_12_22_12_12_40,2023-05-09T10:16:17Z,done,,done,done,done,,,,,,,,,5911
2019-01-21 16:46:14.577,367260,8738,53.3,Run2023C,6113,done,133X_dataRun3_Candidate_2023_12_22_12_12_40,2023-05-09T17:24:17Z,done,,done,done,done,,,,,,,,,5904
2019-01-21 16:46:14.577,367262,8738,87.6,Run2023C,6111,done,133X_dataRun3_Candidate_2023_12_22_12_12_40,2023-05-09T19:17:32Z,done,,done,done,done,,,,,,,,,5902
2019-01-21 16:46:14.577,367263,8738,4.32,Run2023C,6110,done,133X_dataRun3_Candidate_2023_12_22_12_12_40,2023-05-09T19:28:17Z,done,,done,done,done,,,,,,,,,5901
2019-01-21 16:46:14.577,367264,8738,223,Run2023C,6105,done,133X_dataRun3_Candidate_2023_12_22_12_12_40,2023-05-10T01:04:32Z,done,,done,done,done,,,,,,,,,5896
2019-01-21 16:46:14.577,367267,8739,64.3,Run2023C,6100,done,133X_dataRun3_Candidate_2023_12_22_12_12_40,2023-05-10T05:25:17Z,done,,done,done,done,,,,,,,,,5892
2019-01-21 16:46:14.577,367269,8739,9.69,Run2023C,6100,done,133X_dataRun3_Candidate_2023_12_22_12_12_40,2023-05-10T05:45:58Z,done,,done,done,done,,,,,,,,,5891
2019-01-21 16:46:14.577,367270,8739,278,Run2023C,6094,done,133X_dataRun3_Candidate_2023_12_22_12_12_40,2023-05-10T12:02:18Z,done,,done,done,done,,,,,,,,,5885
2019-01-21 16:46:14.577,367271,8739,30.6,Run2023C,6093,done,133X_dataRun3_Candidate_2023_12_22_12_12_40,2023-05-10T13:06:28Z,done,,done,done,done,,,,,,,,,5884
2019-01-21 16:46:14.577,367312,8741,44.9,Run2023C,6085,done,133X_dataRun3_Candidate_2023_12_22_12_12_40,2023-05-10T20:48:04Z,done,,done,done,done,,,,,,,,,5876
2019-01-21 16:46:14.577,367314,8741,9.11,Run2023C,6085,done,133X_dataRun3_Candidate_2023_12_22_12_12_40,2023-05-10T21:08:47Z,done,,done,done,done,,,,,,,,,5876
2019-01-21 16:46:14.577,367315,8741,252,Run2023C,6079,done,133X_dataRun3_Candidate_2023_12_22_12_12_40,2023-05-11T03:02:47Z,done,,done,done,done,,,,,,,,,5870
2019-01-21 16:46:14.577,367334,8746,88.4,Run2023C,6070,done,133X_dataRun3_Candidate_2023_12_22_12_12_40,2023-05-11T11:36:45Z,done,,done,done,done,,,,,,,,,5861
2019-01-21 16:46:14.577,367336,8746,64.4,Run2023C,6069,done,133X_dataRun3_Candidate_2023_12_22_12_12_40,2023-05-11T12:46:32Z,done,,done,done,done,,,,,,,,,5860
2019-01-21 16:46:14.577,367337,8746,294,Run2023C,6062,done,133X_dataRun3_Candidate_2023_12_22_12_12_40,2023-05-11T19:46:06Z,done,,done,done,done,,,,,,,,,5853
2019-01-21 16:46:14.577,367475,8771,227,Run2023C,5996,done,133X_dataRun3_Candidate_2023_12_22_12_12_40,2023-05-14T14:17:48Z,done,,done,done,done,,,,,,,,,5787
2019-01-21 16:46:14.577,367477,8771,398,Run2023C,5987,done,133X_dataRun3_Candidate_2023_12_22_12_12_40,2023-05-14T22:53:27Z,done,,done,done,done,,,,,,,,,5778
2019-01-21 16:46:14.577,367515,8773,237,Run2023C,5976,done,133X_dataRun3_Candidate_2023_12_22_12_12_40,2023-05-15T09:40:45Z,done,,done,done,done,,,,,,,,,5767
2019-01-21 16:46:14.577,367516,8773,413,Run2023C,5968,done,133X_dataRun3_Candidate_2023_12_22_12_12_40,2023-05-15T17:53:22Z,done,,done,done,done,,,,,,,,,5759
2019-01-21 16:46:14.577,367553,8775,262,Run2023C,5959,done,133X_dataRun3_Candidate_2023_12_22_12_12_40,2023-05-16T02:38:00Z,done,,done,done,done,,,,,,,,,5750
2019-01-21 16:46:14.577,367554,8775,124,Run2023C,5958,processing,133X_dataRun3_Candidate_2023_12_22_12_12_40,2023-05-16T04:49:27Z,new,,failed,new,new,,,,,,,,,5955
2019-01-21 16:46:14.577,367661,8784,110,Run2023C,5967,done,133X_dataRun3_Candidate_2023_12_22_12_12_40,2023-05-18T00:27:46Z,done,,done,done,done,,,,,,,,,5911
2019-01-21 16:46:14.577,367662,8784,7.49,Run2023C,5967,done,133X_dataRun3_Candidate_2023_12_22_12_12_40,2023-05-18T00:37:13Z,done,,done,done,done,,,,,,,,,5911
2019-01-21 16:46:14.577,367691,8786,45.2,Run2023C,5954,done,133X_dataRun3_Candidate_2023_12_22_12_12_40,2023-05-18T13:50:28Z,done,,done,done,done,,,,,,,,,5898
2019-01-21 16:46:14.577,367696,8786,619,Run2023C,5886,processing,133X_dataRun3_Candidate_2023_12_22_12_12_40,2023-05-19T02:57:44Z,new,,processing,new,new,,,,,,,,,5885
2019-01-21 16:46:14.577,367699,8786,29.7,Run2023C,5939,done,133X_dataRun3_Candidate_2023_12_22_12_12_40,2023-05-19T04:17:28Z,done,,done,done,done,,,,,,,,,5883
2019-01-21 16:46:14.577,367730,8794,193,Run2023C,5923,done,133X_dataRun3_Candidate_2023_12_22_12_12_40,2023-05-19T21:11:49Z,done,,done,done,done,,,,,,,,,5867
2019-01-21 16:46:14.577,367742,8796,155,Run2023C,5914,done,133X_dataRun3_Candidate_2023_12_22_12_12_40,2023-05-20T05:59:29Z,done,,done,done,done,,,,,,,,,5858
2019-01-21 16:46:14.577,367758,8804,277,Run2023C,5887,done,133X_dataRun3_Candidate_2023_12_22_12_12_40,2023-05-21T08:28:15Z,done,,done,done,done,,,,,,,,,5831
2019-01-21 16:46:14.577,367770,8807,45.6,Run2023C,5826,done,133X_dataRun3_Candidate_2023_12_22_12_12_40,2023-05-21T15:38:30Z,done,,done,done,done,,,,,,,,,5617
2019-01-21 16:46:14.577,367771,8807,39.9,Run2023C,5826,done,133X_dataRun3_Candidate_2023_12_22_12_12_40,2023-05-21T16:15:29Z,done,,done,done,done,,,,,,,,,5617
2019-01-21 16:46:14.577,367772,8807,2.49,Run2023C,5826,done,133X_dataRun3_Candidate_2023_12_22_12_12_40,2023-05-21T16:22:42Z,done,,done,done,done,,,,,,,,,5617
2019-01-21 16:46:14.577,367790,8811,49.5,Run2023C,5814,done,133X_dataRun3_Candidate_2023_12_22_12_12_40,2023-05-22T04:02:03Z,done,,done,done,done,,,,,,,,,5605
2019-01-21 16:46:14.577,367831,8816,184,Run2023C,5797,done,133X_dataRun3_Candidate_2023_12_22_12_12_40,2023-05-22T20:56:29Z,done,,done,done,done,,,,,,,,,5588
2019-01-21 16:46:14.577,367836,8817,221,Run2023C,5790,done,133X_dataRun3_Candidate_2023_12_22_12_12_40,2023-05-23T03:36:15Z,done,,done,done,done,,,,,,,,,5581
2019-01-21 16:46:14.577,367838,8817,319,Run2023C,5785,done,133X_dataRun3_Candidate_2023_12_22_12_12_40,2023-05-23T08:48:29Z,done,,done,done,done,,,,,,,,,5576
2019-01-21 16:46:14.577,367840,8817,175,Run2023C,5781,done,133X_dataRun3_Candidate_2023_12_22_12_12_40,2023-05-23T12:52:28Z,done,,done,done,done,,,,,,,,,5572
2019-01-21 16:46:14.577,367881,8821,49.9,Run2023C,5769,done,133X_dataRun3_Candidate_2023_12_22_12_12_40,2023-05-24T00:32:14Z,done,,done,done,done,,,,,,,,,5560
2019-01-21 16:46:14.577,367883,8821,464,Run2023C,5762,done,133X_dataRun3_Candidate_2023_12_22_12_12_40,2023-05-24T07:28:02Z,done,,done,done,done,,,,,,,,,5554
2019-01-21 16:46:14.577,367884,8821,315,Run2023C,5756,done,133X_dataRun3_Candidate_2023_12_22_12_12_40,2023-05-24T14:08:27Z,done,,done,done,done,,,,,,,,,5547
2019-01-21 16:46:14.577,367902,8822,88.4,Run2023C,5751,done,133X_dataRun3_Candidate_2023_12_22_12_12_40,2023-05-24T19:02:41Z,done,,done,done,done,,,,,,,,,5542
2019-01-21 16:46:14.577,367904,8822,44.3,Run2023C,5750,done,133X_dataRun3_Candidate_2023_12_22_12_12_40,2023-05-24T19:47:47Z,done,,done,done,done,,,,,,,,,5541
2019-01-21 16:46:14.577,367905,8822,21.2,Run2023C,5750,done,133X_dataRun3_Candidate_2023_12_22_12_12_40,2023-05-24T20:09:41Z,done,,done,done,done,,,,,,,,,5541
2019-01-21 16:46:14.577,367906,8822,150,Run2023C,5747,done,133X_dataRun3_Candidate_2023_12_22_12_12_40,2023-05-24T22:28:25Z,done,,done,done,done,,,,,,,,,5538
2019-01-21 16:46:14.577,367907,8822,50.7,Run2023C,5747,done,133X_dataRun3_Candidate_2023_12_22_12_12_40,2023-05-24T23:18:00Z,done,,done,done,done,,,,,,,,,5538
2019-01-21 16:46:14.577,367908,8822,142,Run2023C,5744,done,133X_dataRun3_Candidate_2023_12_22_12_12_40,2023-05-25T01:39:23Z,done,,done,done,done,,,,,,,,,5535
2019-01-21 16:46:14.577,367910,8822,190,Run2023C,5740,done,133X_dataRun3_Candidate_2023_12_22_12_12_40,2023-05-25T05:52:43Z,done,,done,done,done,,,,,,,,,5531
2019-01-21 16:46:14.577,368223,8850,48.2,Run2023C,5606,done,133X_dataRun3_Candidate_2023_12_22_12_12_40,2023-05-30T20:20:49Z,done,,done,done,done,,,,,,,,,5397
2019-01-21 16:46:14.577,368224,8850,7.16,Run2023C,5605,done,133X_dataRun3_Candidate_2023_12_22_12_12_40,2023-05-30T20:47:57Z,done,,done,done,done,,,,,,,,,5396
2019-01-21 16:46:14.577,368229,8853,96.6,Run2023C,5598,done,133X_dataRun3_Candidate_2023_12_22_12_12_40,2023-05-31T03:41:17Z,done,,done,done,done,,,,,,,,,5389
2019-01-21 16:46:14.577,368318,8858,64.3,Run2023C,5563,done,133X_dataRun3_Candidate_2023_12_22_12_12_40,2023-06-01T14:57:30Z,done,,done,done,done,,,,,,,,,5354
2019-01-21 16:46:14.577,368320,8858,77.8,Run2023C,5561,done,133X_dataRun3_Candidate_2023_12_22_12_12_40,2023-06-01T16:50:28Z,done,,done,done,done,,,,,,,,,5352
2019-01-21 16:46:14.577,368321,8858,79.7,Run2023C,5559,done,133X_dataRun3_Candidate_2023_12_22_12_12_40,2023-06-01T19:05:01Z,done,,done,done,done,,,,,,,,,5350
2019-01-21 16:46:14.577,368332,8860,2.37,Run2023C,5555,done,133X_dataRun3_Candidate_2023_12_22_12_12_40,2023-06-01T22:27:13Z,done,,done,done,done,,,,,,,,,5347
2019-01-21 16:46:14.577,368333,8860,4.03,Run2023C,5555,done,133X_dataRun3_Candidate_2023_12_22_12_12_40,2023-06-01T22:37:49Z,done,,done,done,done,,,,,,,,,5346
2019-01-21 16:46:14.577,368343,8860,269,Run2023C,5545,done,133X_dataRun3_Candidate_2023_12_22_12_12_40,2023-06-02T08:25:12Z,done,,done,done,done,,,,,,,,,5337
2019-01-21 16:46:14.577,368382,8863,213,Run2023C,5533,done,133X_dataRun3_Candidate_2023_12_22_12_12_40,2023-06-02T21:00:14Z,done,,done,done,done,,,,,,,,,5324
2019-01-21 16:46:14.577,368384,8863,11.3,Run2023C,5532,done,133X_dataRun3_Candidate_2023_12_22_12_12_40,2023-06-02T21:37:12Z,done,,done,done,done,,,,,,,,,5323
2019-01-21 16:46:14.577,368388,8865,360,Run2023C,5520,done,133X_dataRun3_Candidate_2023_12_22_12_12_40,2023-06-03T09:39:04Z,done,,done,done,done,,,,,,,,,5311
2019-01-21 16:46:14.577,368389,8865,35.1,Run2023C,5519,done,133X_dataRun3_Candidate_2023_12_22_12_12_40,2023-06-03T11:01:57Z,done,,done,done,done,,,,,,,,,5310
2019-01-21 16:46:14.577,368400,8866,66.4,Run2023C,5515,done,133X_dataRun3_Candidate_2023_12_22_12_12_40,2023-06-03T14:25:01Z,done,,done,done,done,,,,,,,,,5307
2019-01-21 16:46:14.577,368410,8870,423,Run2023C,5496,processing,133X_dataRun3_Candidate_2023_12_22_12_12_40,2023-06-04T09:18:18Z,new,,processing,new,new,,,,,,,,,5494
2019-01-21 16:46:14.577,368412,8870,19.0,Run2023C,5496,done,133X_dataRun3_Candidate_2023_12_22_12_12_40,2023-06-04T10:05:32Z,done,,done,done,done,,,,,,,,,5287
2019-01-21 16:46:14.577,368423,8872,191,Run2023C,5488,processing,133X_dataRun3_Candidate_2023_12_22_12_12_40,2023-06-04T17:20:29Z,new,,processing,new,new,,,,,,,,,5486
2019-01-21 16:46:14.577,368451,8873,56.4,Run2023C,5535,done,133X_dataRun3_Candidate_2023_12_22_12_12_40,2023-06-05T00:14:27Z,done,,done,done,done,,,,,,,,,5480
2019-01-21 16:46:14.577,368453,8873,0.294,Run2023C,5482,done,133X_dataRun3_Candidate_2023_12_22_12_12_40,2023-06-05T00:24:20Z,done,,done,done,done,,,,,,,,,5273
2019-01-21 16:46:14.577,368454,8873,329,Run2023C,5528,done,133X_dataRun3_Candidate_2023_12_22_12_12_40,2023-06-05T08:05:26Z,done,,done,done,done,,,,,,,,,5472
2019-01-21 16:46:14.577,368546,8880,275,Run2023C,5450,done,133X_dataRun3_Candidate_2023_12_22_12_12_40,2023-06-06T08:18:19Z,done,,done,done,done,,,,,,,,,5241
2019-01-21 16:46:14.577,368547,8880,234,Run2023C,5445,done,133X_dataRun3_Candidate_2023_12_22_12_12_40,2023-06-06T12:53:46Z,done,,done,done,done,,,,,,,,,5236
2019-01-21 16:46:14.577,368548,8880,238,Run2023C,5438,done,133X_dataRun3_Candidate_2023_12_22_12_12_40,2023-06-06T19:51:21Z,done,,done,done,done,,,,,,,,,5229
2019-01-21 16:46:14.577,368566,8882,467,Run2023C,5428,done,133X_dataRun3_Candidate_2023_12_22_12_12_40,2023-06-07T06:22:03Z,done,,done,done,done,,,,,,,,,5219
2019-01-21 16:46:14.577,368567,8882,124,Run2023C,5425,done,133X_dataRun3_Candidate_2023_12_22_12_12_40,2023-06-07T09:17:53Z,done,,done,done,done,,,,,,,,,5216
2019-01-21 16:46:14.577,368609,8885,406,Run2023C,5403,done,133X_dataRun3_Candidate_2023_12_22_12_12_40,2023-06-08T07:05:15Z,done,,done,done,done,,,,,,,,,5194
2019-01-21 16:46:14.577,368611,8885,123,Run2023C,5400,done,133X_dataRun3_Candidate_2023_12_22_12_12_40,2023-06-08T09:48:45Z,done,,done,done,done,,,,,,,,,5191
2019-01-21 16:46:14.577,368613,8885,67.1,Run2023C,5398,done,133X_dataRun3_Candidate_2023_12_22_12_12_40,2023-06-08T11:40:20Z,done,,done,done,done,,,,,,,,,5189
2019-01-21 16:46:14.577,368636,8887,312,Run2023C,5383,done,133X_dataRun3_Candidate_2023_12_22_12_12_40,2023-06-09T02:35:47Z,done,,done,done,done,,,,,,,,,5174
2019-01-21 16:46:14.577,368669,8891,156,Run2023C,5370,done,133X_dataRun3_Candidate_2023_12_22_12_12_40,2023-06-09T15:33:46Z,done,,done,done,done,,,,,,,,,5161
2019-01-21 16:46:14.577,368670,8891,112,Run2023C,5368,done,133X_dataRun3_Candidate_2023_12_22_12_12_40,2023-06-09T17:35:37Z,done,,done,done,done,,,,,,,,,5159
2019-01-21 16:46:14.577,368672,8891,302,Run2023C,5362,done,133X_dataRun3_Candidate_2023_12_22_12_12_40,2023-06-09T23:42:16Z,done,,done,done,done,,,,,,,,,5153
2019-01-21 16:46:14.577,368674,8891,2.32,Run2023C,5361,done,133X_dataRun3_Candidate_2023_12_22_12_12_40,2023-06-10T00:33:56Z,done,,done,done,done,,,,,,,,,5152
2019-01-21 16:46:14.577,368675,8891,10.7,Run2023C,5361,done,133X_dataRun3_Candidate_2023_12_22_12_12_40,2023-06-10T00:55:27Z,done,,done,done,done,,,,,,,,,5152
2019-01-21 16:46:14.577,368676,8891,34.1,Run2023C,5360,done,133X_dataRun3_Candidate_2023_12_22_12_12_40,2023-06-10T01:58:35Z,done,,done,done,done,,,,,,,,,5151
2019-01-21 16:46:14.577,368678,8891,35.8,Run2023C,5359,done,133X_dataRun3_Candidate_2023_12_22_12_12_40,2023-06-10T03:11:53Z,done,,done,done,done,,,,,,,,,5150
2019-01-21 16:46:14.577,368684,8894,26.8,Run2023C,5354,done,133X_dataRun3_Candidate_2023_12_22_12_12_40,2023-06-10T07:50:04Z,done,,done,done,done,,,,,,,,,5145
2019-01-21 16:46:14.577,368685,8894,552,Run2023C,5344,done,133X_dataRun3_Candidate_2023_12_22_12_12_40,2023-06-10T17:31:19Z,done,,done,done,done,,,,,,,,,5135
2019-01-21 16:46:14.577,368723,8895,42.7,Run2023C,5337,done,133X_dataRun3_Candidate_2023_12_22_12_12_40,2023-06-11T01:00:16Z,done,,done,done,done,,,,,,,,,5128
2019-01-21 16:46:14.577,368724,8895,489,Run2023C,5329,done,133X_dataRun3_Candidate_2023_12_22_12_12_40,2023-06-11T08:55:18Z,done,,done,done,done,,,,,,,,,5120
2019-01-21 16:46:14.577,368746,8896,10.4,Run2023C,5326,done,133X_dataRun3_Candidate_2023_12_22_12_12_40,2023-06-11T11:41:45Z,done,,done,done,done,,,,,,,,,5117
2019-01-21 16:46:14.577,368749,8896,70.7,Run2023C,5325,done,133X_dataRun3_Candidate_2023_12_22_12_12_40,2023-06-11T12:58:26Z,done,,done,done,done,,,,,,,,,5116
2019-01-21 16:46:14.577,368753,8896,403,Run2023C,5318,done,133X_dataRun3_Candidate_2023_12_22_12_12_40,2023-06-11T19:38:09Z,done,,done,done,done,,,,,,,,,5109
2019-01-21 16:46:14.577,368762,8896,70.7,Run2023C,5314,done,133X_dataRun3_Candidate_2023_12_22_12_12_40,2023-06-11T23:53:27Z,done,,done,done,done,,,,,,,,,5105
2019-01-21 16:46:14.577,368764,8896,0.733,Run2023C,5314,done,133X_dataRun3_Candidate_2023_12_22_12_12_40,2023-06-12T00:03:05Z,done,,done,done,done,,,,,,,,,5105
2019-01-21 16:46:14.577,368765,8896,527,Run2023C,5305,done,133X_dataRun3_Candidate_2023_12_22_12_12_40,2023-06-12T09:08:10Z,done,,done,done,done,,,,,,,,,5096
2019-01-21 16:46:14.577,368822,8901,392,Run2023C,5281,done,133X_dataRun3_Candidate_2023_12_22_12_12_40,2023-06-13T08:36:04Z,done,,done,done,done,,,,,,,,,5072
2019-01-21 16:46:14.577,368823,8901,21.2,Run2023C,5281,done,133X_dataRun3_Candidate_2023_12_22_12_12_40,2023-06-13T09:04:01Z,done,,done,done,done,,,,,,,,,5072
2019-01-21 16:46:14.577,369927,9016,3.28,Run2023D,4843,done,133X_dataRun3_Candidate_2023_12_22_12_12_40,2023-07-01T14:42:58Z,done,,done,done,done,,,,,,,,,4657
2019-01-21 16:46:14.577,369943,9017,29.3,Run2023D,4836,done,133X_dataRun3_Candidate_2023_12_22_12_12_40,2023-07-01T22:06:18Z,done,,done,done,done,,,,,,,,,4650
2019-01-21 16:46:14.577,369956,9019,88.7,Run2023D,4824,done,133X_dataRun3_Candidate_2023_12_22_12_12_40,2023-07-02T10:11:43Z,done,,done,done,done,,,,,,,,,4638
2019-01-21 16:46:14.577,369978,9022,166,Run2023D,4812,done,133X_dataRun3_Candidate_2023_12_22_12_12_40,2023-07-02T21:30:19Z,done,,done,done,done,,,,,,,,,4626
2019-01-21 16:46:14.577,369998,9023,54.1,Run2023D,4808,done,133X_dataRun3_Candidate_2023_12_22_12_12_40,2023-07-03T01:40:04Z,done,,done,done,done,,,,,,,,,4622
2019-01-21 16:46:14.577,369999,9023,14.5,Run2023D,4808,done,133X_dataRun3_Candidate_2023_12_22_12_12_40,2023-07-03T01:58:16Z,done,,done,done,done,,,,,,,,,4622
2019-01-21 16:46:14.577,370093,9029,148,Run2023D,4783,done,133X_dataRun3_Candidate_2023_12_22_12_12_40,2023-07-04T02:46:49Z,done,,done,done,done,,,,,,,,,4597
2019-01-21 16:46:14.577,370097,9029,126,Run2023D,4778,done,133X_dataRun3_Candidate_2023_12_22_12_12_40,2023-07-04T07:32:26Z,done,,done,done,done,,,,,,,,,4592
2019-01-21 16:46:14.577,370102,9029,199,Run2023D,4773,done,133X_dataRun3_Candidate_2023_12_22_12_12_40,2023-07-04T12:45:18Z,done,,done,done,done,,,,,,,,,4587
2019-01-21 16:46:14.577,370129,9031,227,Run2023D,4765,done,133X_dataRun3_Candidate_2023_12_22_12_12_40,2023-07-04T20:38:25Z,done,,done,done,done,,,,,,,,,4579
2019-01-21 16:46:14.577,370144,9031,382,Run2023D,4756,done,133X_dataRun3_Candidate_2023_12_22_12_12_40,2023-07-05T06:14:29Z,done,,done,done,done,,,,,,,,,4570
2019-01-21 16:46:14.577,370169,9035,514,Run2023D,4742,done,133X_dataRun3_Candidate_2023_12_22_12_12_40,2023-07-05T20:15:49Z,done,,done,done,done,,,,,,,,,4556
2019-01-21 16:46:14.577,370172,9035,71.6,Run2023D,4739,done,133X_dataRun3_Candidate_2023_12_22_12_12_40,2023-07-05T23:14:04Z,done,,done,done,done,,,,,,,,,4553
2019-01-21 16:46:14.577,370175,9036,681,Run2023D,4725,done,133X_dataRun3_Candidate_2023_12_22_12_12_40,2023-07-06T12:36:03Z,done,,done,done,done,,,,,,,,,4539
2019-01-21 16:46:14.577,370293,9043,637,Run2023D,4693,done,133X_dataRun3_Candidate_2023_12_22_12_12_40,2023-07-07T21:23:10Z,done,,done,done,done,,,,,,,,,4507
2019-01-21 16:46:14.577,370294,9043,173,Run2023D,4688,done,133X_dataRun3_Candidate_2023_12_22_12_12_40,2023-07-08T01:59:15Z,done,,done,done,done,,,,,,,,,4502
2019-01-21 16:46:14.577,370300,9044,418,Run2023D,4679,done,133X_dataRun3_Candidate_2023_12_22_12_12_40,2023-07-08T10:33:45Z,done,,done,done,done,,,,,,,,,4493
2019-01-21 16:46:14.577,370304,9044,117,Run2023D,4677,done,133X_dataRun3_Candidate_2023_12_22_12_12_40,2023-07-08T12:57:56Z,done,,done,done,done,,,,,,,,,4491
2019-01-21 16:46:14.577,370307,9044,199,Run2023D,4672,done,133X_dataRun3_Candidate_2023_12_22_12_12_40,2023-07-08T17:43:01Z,done,,done,done,done,,,,,,,,,4486
2019-01-21 16:46:14.577,370321,9045,4.99,Run2023D,4670,done,133X_dataRun3_Candidate_2023_12_22_12_12_40,2023-07-08T19:47:57Z,done,,done,done,done,,,,,,,,,4484
2019-01-21 16:46:14.577,370332,9045,701,Run2023D,4657,done,133X_dataRun3_Candidate_2023_12_22_12_12_40,2023-07-09T09:12:59Z,done,,done,done,done,,,,,,,,,4471
2019-01-21 16:46:14.577,370340,9046,328,Run2023D,4650,done,133X_dataRun3_Candidate_2023_12_22_12_12_40,2023-07-09T15:57:14Z,done,,done,done,done,,,,,,,,,4464
2019-01-21 16:46:14.577,370354,9049,152,Run2023D,4698,done,133X_dataRun3_Candidate_2023_12_22_12_12_40,2023-07-09T21:38:32Z,done,,done,done,done,,,,,,,,,4642
2019-01-21 16:46:14.577,370357,9049,315,Run2023D,4692,done,133X_dataRun3_Candidate_2023_12_22_12_12_40,2023-07-10T04:03:04Z,done,,done,done,done,,,,,,,,,4636
2019-01-21 16:46:14.577,370436,9050,10.3,Run2023D,4624,done,133X_dataRun3_Candidate_2023_12_22_12_12_40,2023-07-10T18:17:15Z,done,,done,done,done,,,,,,,,,4438
2019-01-21 16:46:14.577,370460,9055,33.8,Run2023D,4614,done,133X_dataRun3_Candidate_2023_12_22_12_12_40,2023-07-11T04:05:11Z,done,,done,done,done,,,,,,,,,4428
2019-01-21 16:46:14.577,370472,9056,9.57,Run2023D,4610,done,133X_dataRun3_Candidate_2023_12_22_12_12_40,2023-07-11T07:39:32Z,done,,done,done,done,,,,,,,,,4424
2019-01-21 16:46:14.577,370497,9057,564,Run2023D,4598,processing,133X_dataRun3_Candidate_2023_12_22_12_12_40,2023-07-11T19:01:50Z,new,,processing,new,new,,,,,,,,,4597
2019-01-21 16:46:14.577,370522,9059,133,Run2023D,4592,done,133X_dataRun3_Candidate_2023_12_22_12_12_40,2023-07-12T02:03:29Z,done,,done,done,done,,,,,,,,,4406
2019-01-21 16:46:14.577,370560,9062,148,Run2023D,4579,done,133X_dataRun3_Candidate_2023_12_22_12_12_40,2023-07-12T14:54:47Z,done,,done,done,done,,,,,,,,,4393
2019-01-21 16:46:14.577,370579,9063,26.4,Run2023D,4576,done,133X_dataRun3_Candidate_2023_12_22_12_12_40,2023-07-12T18:14:42Z,done,,done,done,done,,,,,,,,,4390
2019-01-21 16:46:14.577,370580,9063,893,Run2023D,4556,processing,133X_dataRun3_Candidate_2023_12_22_12_12_40,2023-07-13T12:54:04Z,new,,processing,new,new,,,,,,,,,4555
2019-01-21 16:46:14.577,370667,9066,37.1,Run2023D,4537,done,133X_dataRun3_Candidate_2023_12_22_12_12_40,2023-07-14T08:55:24Z,done,,done,done,done,,,,,,,,,4351
2019-01-21 16:46:14.577,370717,9067,38.4,Run2023D,4520,done,133X_dataRun3_Candidate_2023_12_22_12_12_40,2023-07-15T02:04:59Z,done,,done,done,done,,,,,,,,,4334
2019-01-21 16:46:14.577,370725,9068,174,Run2023D,4514,done,133X_dataRun3_Candidate_2023_12_22_12_12_40,2023-07-15T08:00:29Z,done,,done,done,done,,,,,,,,,4328
2019-01-21 16:46:14.577,370749,9070,617,Run2023D,4495,done,133X_dataRun3_Candidate_2023_12_22_12_12_40,2023-07-16T03:01:10Z,done,,done,done,done,,,,,,,,,4309
2019-01-21 16:46:14.577,370753,9070,72.9,Run2023D,4493,done,133X_dataRun3_Candidate_2023_12_22_12_12_40,2023-07-16T04:56:18Z,done,,done,done,done,,,,,,,,,4307
2019-01-21 16:46:14.577,370772,9072,540,Run2023D,4482,done,133X_dataRun3_Candidate_2023_12_22_12_12_40,2023-07-16T16:03:17Z,done,,done,done,done,,,,,,,,,4296
2019-01-21 16:46:14.577,370774,9072,54.6,Run2023D,4481,done,133X_dataRun3_Candidate_2023_12_22_12_12_40,2023-07-16T17:09:14Z,done,,done,done,done,,,,,,,,,4295
2019-01-21 16:46:14.577,370775,9072,52.9,Run2023D,4480,done,133X_dataRun3_Candidate_2023_12_22_12_12_40,2023-07-16T18:16:48Z,done,,done,done,done,,,,,,,,,4294
2019-01-21 16:46:14.577,370776,9072,94.6,Run2023D,4477,done,133X_dataRun3_Candidate_2023_12_22_12_12_40,2023-07-16T20:29:28Z,done,,done,done,done,,,,,,,,,4291
2019-01-21 16:46:14.577,370790,9073,4.48,Run2023D,4475,done,133X_dataRun3_Candidate_2023_12_22_12_12_40,2023-07-16T23:02:59Z,done,,done,done,done,,,,,,,,,4289

